{
  "Oslo": [
    59.9133301,
    10.7389701
  ],
  "Trondheim": [
    63.4304475,
    10.3952118
  ],
  "Bergen": [
    60.3943055,
    5.3259192
  ],
  "Bodø": [
    67.2844313,
    14.3817503
  ],
  "Tønsberg": [
    59.3549795,
    10.2820491
  ],
  "Stavanger": [
    58.9699675,
    5.7318101
  ],
  "Kristiansand": [
    58.0856276,
    7.931858
  ],
  "Harstad": [
    68.799943,
    16.5440322
  ],
  "Tromsø": [
    69.6516345,
    18.9558585
  ],
  "Levanger": [
    63.6964518,
    11.2238804
  ],
  "Kongsberg": [
    59.5945501,
    9.6708601
  ],
  "Narvik": [
    68.4383796,
    17.4271978
  ],
  "Bærum": [
    59.9289639,
    10.4997108
  ],
  "Ålesund": [
    62.4802364,
    6.5550739
  ],
  "Sandnes": [
    58.9831321,
    6.394641
  ],
  "Ringerike": [
    60.3274063,
    10.0217635
  ],
  "Arendal": [
    58.4267301,
    8.9469491
  ],
  "Alver": [
    60.6710754,
    5.2307679
  ],
  "Lillestrøm": [
    59.9155396,
    11.2170354
  ],
  "Kristiansund": [
    63.2168194,
    7.545259
  ],
  "Verdal": [
    63.7862257,
    11.920335
  ],
  "Kinn": [
    61.6204779,
    4.8947131
  ],
  "Alta": [
    69.9666046,
    23.2733282
  ],
  "Vadsø": [
    70.2267199,
    29.7828009
  ],
  "Haugesund": [
    59.4682479,
    5.0827612
  ],
  "Grimstad": [
    58.2839967,
    8.7128291
  ],
  "Heim": [
    63.2470498,
    9.0903952
  ],
  "Nittedal": [
    60.0804543,
    10.8566109
  ],
  "Lindesnes": [
    58.1161313,
    7.3831956
  ],
  "Senja": [
    69.3865567,
    17.5147192
  ],
  "Oppdal": [
    62.5351785,
    9.6233763
  ],
  "Steinkjer": [
    64.050737,
    11.481909
  ],
  "Stjørdal": [
    63.4627028,
    11.1344723
  ],
  "Namsos": [
    64.4666372,
    11.3345047
  ],
  "Gjøvik": [
    60.8721617,
    10.5038864
  ],
  "Kongsvinger": [
    60.1899109,
    12.2160367
  ],
  "Hareid": [
    62.3598311,
    6.0305106
  ],
  "Alstahaug": [
    65.8674223,
    12.4317804
  ],
  "Indre Østfold": [
    59.6102005,
    11.1832941
  ],
  "Øygarden": [
    60.4267846,
    4.7265289
  ],
  "Sør-Varanger": [
    69.5375661,
    29.7261372
  ],
  "Vennesla": [
    58.3398619,
    7.7707903
  ],
  "Frogn": [
    59.6957457,
    10.6459855
  ],
  "Nordre Follo": [
    59.7289761,
    10.8928692
  ],
  "Hammerfest": [
    70.6413392,
    23.8360801
  ],
  "Vefsn": [
    65.8207471,
    13.1786356
  ],
  "Gjesdal": [
    58.8312089,
    6.2770851
  ],
  "Karmøy": [
    59.2302888,
    5.1536117
  ],
  "Balsfjord": [
    69.2799737,
    19.1699314
  ],
  "Orkland": [
    63.2812718,
    9.663568
  ],
  "Røros": [
    62.5695151,
    11.6604412
  ],
  "Larvik": [
    59.0967308,
    10.02193
  ],
  "Kvinnherad": [
    59.9531724,
    6.0325141
  ],
  "Sogndal": [
    61.329791,
    6.7203648
  ],
  "Sunnfjord": [
    61.4685824,
    6.0491718
  ],
  "Voss": [
    60.6837067,
    6.4079051
  ],
  "Drammen": [
    59.6964936,
    10.175642
  ],
  "Bamble": [
    59.0180854,
    9.5443135
  ],
  "Ullensaker": [
    60.1541072,
    11.1984296
  ],
  "Skien": [
    59.2662883,
    9.5311354
  ],
  "Elverum": [
    60.9728025,
    11.7344421
  ],
  "Hustadvika": [
    63.011843,
    7.039051
  ],
  "Ulstein": [
    62.3637808,
    5.828636
  ],
  "Vågan": [
    68.2776871,
    14.6630573
  ],
  "Porsgrunn": [
    59.103735,
    9.7363538
  ],
  "Vestby": [
    59.5597745,
    10.7117139
  ],
  "Modum": [
    60.0105117,
    10.0191632
  ],
  "Averøy": [
    63.1371204,
    7.4323066
  ],
  "Volda": [
    62.0803798,
    6.2744108
  ],
  "Vestvågøy": [
    68.1607217,
    13.784107
  ],
  "Melhus": [
    63.1814333,
    10.3081345
  ],
  "Askøy": [
    60.5023024,
    5.0948199
  ],
  "Hol": [
    60.6036849,
    8.0223605
  ],
  "Sigdal": [
    60.1301824,
    9.4097767
  ],
  "Søndre Land": [
    60.7027373,
    10.2518749
  ],
  "Vestre Toten": [
    60.6276003,
    10.6130692
  ],
  "Ørsta": [
    62.2470538,
    6.2859368
  ],
  "Hadsel": [
    68.503291,
    14.8278077
  ],
  "Tinn": [
    59.9752133,
    8.5860193
  ],
  "Lyngen": [
    69.7297121,
    20.0817661
  ],
  "Målselv": [
    68.969193,
    19.3970839
  ],
  "Nordreisa": [
    69.5274572,
    21.5988636
  ],
  "Sørreisa": [
    69.1005683,
    18.1768429
  ],
  "Hitra": [
    63.5653247,
    8.6939114
  ],
  "Ørland": [
    63.8414053,
    9.7003652
  ],
  "Bømlo": [
    59.7036841,
    5.0484753
  ],
  "Luster": [
    61.5189485,
    7.5692149
  ],
  "Øvre Eiker": [
    59.7441709,
    9.8412147
  ],
  "Vindafjord": [
    59.5811216,
    5.7581985
  ],
  "Moss": [
    59.4146675,
    10.6596578
  ],
  "Nore og Uvdal": [
    60.2920795,
    8.4172635
  ],
  "Nordre Land": [
    60.9460173,
    9.9814707
  ],
  "Ringsaker": [
    60.9850657,
    10.8445282
  ],
  "Stange": [
    60.6244351,
    11.3831208
  ],
  "Østre Toten": [
    60.6228265,
    10.90942
  ],
  "Haram": [
    62.7173517,
    6.1470961
  ],
  "Sunndal": [
    62.6470289,
    8.6526703
  ],
  "Brønnøy": [
    65.4136352,
    11.8211699
  ],
  "Klepp": [
    58.7326787,
    5.3543184
  ],
  "Tysvær": [
    59.3579105,
    5.648518
  ],
  "Malvik": [
    63.3951884,
    10.7378695
  ],
  "Åfjord": [
    64.0835634,
    10.2199077
  ],
  "Kvam": [
    64.0337691,
    11.4824104
  ],
  "Stryn": [
    61.8218058,
    6.8029685
  ],
  "Lier": [
    64.4116728,
    13.6038091
  ],
  "Inderøy": [
    63.8499165,
    11.0926448
  ],
  "Enebakk": [
    59.7692492,
    11.1045466
  ],
  "Nes": [
    60.1705037,
    11.4551179
  ],
  "Nesodden": [
    59.808313,
    10.6378345
  ],
  "Gol": [
    60.7513391,
    9.0123018
  ],
  "Rollag": [
    60.0156727,
    9.2080743
  ],
  "Ål": [
    62.4802364,
    6.5550739
  ],
  "Hamar": [
    61.0014937,
    11.1647964
  ],
  "Lillehammer": [
    61.1333408,
    10.4265855
  ],
  "Sør-Odal": [
    60.212297,
    11.748138
  ],
  "Øystre Slidre": [
    61.2510155,
    9.1164967
  ],
  "Stranda": [
    62.1678462,
    6.9302137
  ],
  "Andøy": [
    69.2398567,
    15.7739748
  ],
  "Bø": [
    59.7036841,
    5.0484753
  ],
  "Gildeskål": [
    67.0060361,
    13.9437332
  ],
  "Øksnes": [
    69.0342557,
    14.8166771
  ],
  "Kragerø": [
    58.8696217,
    9.4142145
  ],
  "Skaun": [
    63.2701426,
    10.0523019
  ],
  "Bjørnafjorden": [
    60.1935843,
    5.5975789
  ],
  "Gloppen": [
    61.7296525,
    6.177925
  ],
  "Høyanger": [
    61.1254821,
    5.8141394
  ],
  "Osterøy": [
    60.5685691,
    5.5790106
  ],
  "Sveio": [
    59.6137062,
    5.4117567
  ],
  "Risør": [
    58.6768313,
    9.3108313
  ],
  "Farsund": [
    58.0387373,
    6.5848274
  ],
  "Kvinesdal": [
    58.5181308,
    6.953961
  ],
  "Meråker": [
    63.3969215,
    11.8124874
  ],
  "Eidsvoll": [
    60.4162965,
    11.2555442
  ],
  "Jevnaker": [
    60.2825545,
    10.4084579
  ],
  "Nordkapp": [
    71.1699506,
    25.7858893
  ],
  "Tana": [
    70.2823342,
    27.8913272
  ],
  "Flekkefjord": [
    58.2949357,
    6.6129626
  ],
  "Nord-Fron": [
    61.6018868,
    9.5898452
  ],
  "Rendalen": [
    61.8065682,
    11.2021599
  ],
  "Sel": [
    61.76031,
    9.4089486
  ],
  "Tynset": [
    62.3601071,
    10.5322494
  ],
  "Vågå": [
    61.7019796,
    8.9945507
  ],
  "Fjord": [
    62.2756315,
    7.3597712
  ],
  "Giske": [
    62.6402685,
    5.7211065
  ],
  "Gjemnes": [
    62.9189065,
    7.8692606
  ],
  "Rauma": [
    61.1289148,
    21.5039401
  ],
  "Surnadal": [
    62.9228432,
    8.7879306
  ],
  "Dønna": [
    66.1662544,
    12.4573928
  ],
  "Evenes": [
    68.4968608,
    16.9069678
  ],
  "Fauske": [
    67.2367153,
    15.7844219
  ],
  "Hemnes": [
    66.0113545,
    14.1428537
  ],
  "Lødingen": [
    68.3944357,
    15.6096557
  ],
  "Saltdal": [
    66.8809542,
    15.4926692
  ],
  "Sortland": [
    68.7672961,
    15.3679179
  ],
  "Sømna": [
    65.3597065,
    12.2236796
  ],
  "Randaberg": [
    58.9994464,
    5.6165674
  ],
  "Fyresdal": [
    59.144754,
    8.0370834
  ],
  "Notodden": [
    59.6871024,
    9.1508082
  ],