{
  "karasjok, finnmark, norway": [
    69.4718736,
    25.5111384
  ],
  "lebesby, finnmark, norway": [
    70.6657291,
    26.8128235
  ],
  "loppa, finnmark, norway": [
    70.3996274,
    21.4354053
  ],
  "alvdal, innlandet, norway": [
    62.0965119,
    10.5024921
  ],
  "dovre, innlandet, norway": [
    62.1146265,
    9.4403671
  ],
  "etnedal, innlandet, norway": [
    60.9635472,
    9.6441632
  ],
  "gausdal, innlandet, norway": [
    61.2640681,
    9.8532187
  ],
  "lesja, innlandet, norway": [
    62.1876705,
    8.6254935
  ],
  "løten, innlandet, norway": [
    60.8652754,
    11.3728513
  ],
  "skjåk, innlandet, norway": [
    61.9349863,
    7.9145358
  ],
  "stor-elvdal, innlandet, norway": [
    61.5815693,
    10.9025108
  ],
  "sør-aurdal, innlandet, norway": [
    60.666507,
    9.6886194
  ],
  "øyer, innlandet, norway": [
    61.3273517,
    10.5040017
  ],
  "aukra, møre og romsdal, norway": [
    62.939316,
    6.6786439
  ],
  "smøla, møre og romsdal, norway": [
    63.4896442,
    7.6998408
  ],
  "tingvoll, møre og romsdal, norway": [
    62.9538733,
    8.220096
  ],
  "beiarn, nordland, norway": [
    66.8918454,
    14.665143
  ],
  "bindal, nordland, norway": [
    65.2211102,
    12.4357521
  ],
  "grane, nordland, norway": [
    65.4429994,
    13.4083318
  ],
  "hattfjelldal, nordland, norway": [
    65.4999558,
    14.170607
  ],
  "herøy (nordland), nordland, norway": [
    66.1329116,
    11.6060658
  ]
}