{
  "oslo": [
    59.9133301,
    10.7389701
  ],
  "trondheim": [
    63.4304475,
    10.3952118
  ],
  "bergen": [
    60.3943055,
    5.3259192
  ],
  "bodø": [
    67.2844313,
    14.3817503
  ],
  "tønsberg": [
    59.3549795,
    10.2820491
  ],
  "stavanger": [
    58.9699675,
    5.7318101
  ],
  "kristiansand": [
    58.0856276,
    7.931858
  ],
  "harstad": [
    68.799943,
    16.5440322
  ],
  "tromsø": [
    69.6516345,
    18.9558585
  ],
  "levanger": [
    63.6964518,
    11.2238804
  ],
  "kongsberg": [
    59.5945501,
    9.6708601
  ],
  "narvik": [
    68.4383796,
    17.4271978
  ],
  "ålesund": [
    62.4802364,
    6.5550739
  ],
  "sandnes": [
    58.9831321,
    6.394641
  ],
  "bærum": [
    59.9289639,
    10.4997108
  ],
  "ringerike": [
    60.3274063,
    10.0217635
  ],
  "arendal": [
    58.4267301,
    8.9469491
  ],
  "alver": [
    60.6710754,
    5.2307679
  ],
  "lillestrøm": [
    59.9155396,
    11.2170354
  ],
  "kristiansund": [
    63.2168194,
    7.545259
  ],
  "verdal": [
    63.7862257,
    11.920335
  ],
  "kinn": [
    61.6204779,
    4.8947131
  ],
  "alta": [
    69.9666046,
    23.2733282
  ],
  "vadsø": [
    70.2267199,
    29.7828009
  ],
  "haugesund": [
    59.4682479,
    5.0827612
  ],
  "grimstad": [
    58.2839967,
    8.7128291
  ],
  "heim": [
    63.2470498,
    9.0903952
  ],
  "nittedal": [
    60.0804543,
    10.8566109
  ],
  "lindesnes": [
    58.1161313,
    7.3831956
  ],
  "senja": [
    69.3865567,
    17.5147192
  ],
  "oppdal": [
    62.5351785,
    9.6233763
  ],
  "steinkjer": [
    64.050737,
    11.481909
  ],
  "stjørdal": [
    63.4627028,
    11.1344723
  ],
  "namsos": [
    64.4666372,
    11.3345047
  ],
  "gjøvik": [
    60.8721617,
    10.5038864
  ],
  "kongsvinger": [
    60.1899109,
    12.2160367
  ],
  "hareid": [
    62.3598311,
    6.0305106
  ],
  "alstahaug": [
    65.8674223,
    12.4317804
  ],
  "indre østfold": [
    59.6102005,
    11.1832941
  ],
  "øygarden": [
    60.4267846,
    4.7265289
  ],
  "sør-varanger": [
    69.5375661,
    29.7261372
  ],
  "vennesla": [
    58.3398619,
    7.7707903
  ],
  "frogn": [
    59.6957457,
    10.6459855
  ],
  "nordre follo": [
    59.7289761,
    10.8928692
  ],
  "hammerfest": [
    70.6413392,
    23.8360801
  ],
  "vefsn": [
    65.8207471,
    13.1786356
  ],
  "gjesdal": [
    58.8312089,
    6.2770851
  ],
  "karmøy": [
    59.2302888,
    5.1536117
  ],
  "balsfjord": [
    69.2799737,
    19.1699314
  ],
  "orkland": [
    63.2812718,
    9.663568
  ],
  "røros": [
    62.5695151,
    11.6604412
  ],
  "larvik": [
    59.0967308,
    10.02193
  ],
  "kvinnherad": [
    59.9531724,
    6.0325141
  ],
  "sogndal": [
    61.329791,
    6.7203648
  ],
  "sunnfjord": [
    61.4685824,
    6.0491718
  ],
  "voss": [
    60.6837067,
    6.4079051
  ],
  "drammen": [
    59.6964936,
    10.175642
  ],
  "bamble": [
    59.0180854,
    9.5443135
  ],
  "ullensaker": [
    60.1541072,
    11.1984296
  ],
  "skien": [
    59.2662883,
    9.5311354
  ],
  "elverum": [
    60.9728025,
    11.7344421
  ],
  "hustadvika": [
    63.011843,
    7.039051
  ],
  "ulstein": [
    62.3637808,
    5.828636
  ],
  "vågan": [
    68.2776871,
    14.6630573
  ],
  "porsgrunn": [
    59.103735,
    9.7363538
  ],
  "vestby": [
    59.5597745,
    10.7117139
  ],
  "modum": [
    60.0105117,
    10.0191632
  ],
  "averøy": [
    63.1371204,
    7.4323066
  ],
  "volda": [
    62.0803798,
    6.2744108
  ],
  "vestvågøy": [
    68.1607217,
    13.784107
  ],
  "melhus": [
    63.1814333,
    10.3081345
  ],
  "askøy": [
    60.5023024,
    5.0948199
  ],
  "hol": [
    60.6036849,
    8.0223605
  ],
  "sigdal": [
    60.1301824,
    9.4097767
  ],
  "søndre land": [
    60.7027373,
    10.2518749
  ],
  "vestre toten": [
    60.6276003,
    10.6130692
  ],
  "ørsta": [
    62.2470538,
    6.2859368
  ],
  "hadsel": [
    68.503291,
    14.8278077
  ],
  "tinn": [
    59.9752133,
    8.5860193
  ],
  "lyngen": [
    69.7297121,
    20.0817661
  ],
  "målselv": [
    68.969193,
    19.3970839
  ],
  "nordreisa": [
    69.5274572,
    21.5988636
  ],
  "sørreisa": [
    69.1005683,
    18.1768429
  ],
  "hitra": [
    63.5653247,
    8.6939114
  ],
  "ørland": [
    63.8414053,
    9.7003652
  ],
  "bømlo": [
    59.7036841,
    5.0484753
  ],
  "luster": [
    61.5189485,
    7.5692149
  ],
  "øvre eiker": [
    59.7441709,
    9.8412147
  ],
  "vindafjord": [
    59.5811216,
    5.7581985
  ],
  "moss": [
    59.4146675,
    10.6596578
  ],
  "nore og uvdal": [
    60.2920795,
    8.4172635
  ],
  "gran": "not_found",
  "gran, innlandet": [
    60.4385394,
    10.4298617
  ],
  "nordre land": [
    60.9460173,
    9.9814707
  ],
  "ringsaker": [
    60.9850657,
    10.8445282
  ],
  "stange": [
    60.6244351,
    11.3831208
  ],
  "østre toten": [
    60.6228265,
    10.90942
  ],
  "haram": [
    62.7173517,
    6.1470961
  ],
  "sunndal": [
    62.6470289,
    8.6526703
  ],
  "brønnøy": [
    65.4136352,
    11.8211699
  ],
  "hå": "not_found",
  "hå, rogaland": [
    58.5184078,
    5.5674367
  ],
  "klepp": [
    58.7326787,
    5.3543184
  ],
  "time": "not_found",
  "time, rogaland": [
    58.7074226,
    5.7512222
  ],
  "tysvær": [
    59.3579105,
    5.648518
  ],
  "malvik": [
    63.3951884,
    10.7378695
  ],
  "åfjord": [
    64.0835634,
    10.2199077
  ],
  "kvam": [
    64.0337691,
    11.4824104
  ],
  "stryn": [
    61.8218058,
    6.8029685
  ],
  "lier": "not_found",
  "lier, buskerud": [
    59.8453135,
    10.2115525
  ],
  "inderøy": [
    63.8499165,
    11.0926448
  ],
  "enebakk": [
    59.7692492,
    11.1045466
  ],
  "nes": [
    60.1705037,
    11.4551179
  ],
  "gol": [
    60.7513391,
    9.0123018
  ],
  "rollag": [
    60.0156727,
    9.2080743
  ],
  "ål": "not_found",
  "ål, buskerud": [
    60.6972656,
    8.5037405
  ],
  "hamar": [
    61.0014937,
    11.1647964
  ],
  "lillehammer": [
    61.1333408,
    10.4265855
  ],
  "sør-odal": [
    60.212297,
    11.748138
  ],
  "øystre slidre": [
    61.2510155,
    9.1164967
  ],
  "stranda": [
    62.1678462,
    6.9302137
  ],
  "andøy": [
    69.2398567,
    15.7739748
  ],
  "bø (nordland)": [
    68.7408364,
    14.2826686
  ],
  "gildeskål": [
    67.0060361,
    13.9437332
  ],
  "øksnes": [
    69.0342557,
    14.8166771
  ],
  "kragerø": [
    58.8696217,
    9.4142145
  ],
  "skaun": [
    63.2701426,
    10.0523019
  ],
  "bjørnafjorden": [
    60.1935843,
    5.5975789
  ],
  "gloppen": [
    61.7296525,
    6.177925
  ],
  "høyanger": [
    61.1254821,
    5.8141394
  ],
  "osterøy": [
    60.5685691,
    5.5790106
  ],
  "stad": "not_found",
  "stad, vestland": [
    62.1132841,
    5.1381909
  ],
  "sveio": [
    59.6137062,
    5.4117567
  ],
  "nesodden": [
    59.808313,
    10.6378345
  ],
  "risør": [
    58.6768313,
    9.3108313
  ],
  "farsund": [
    58.0387373,
    6.5848274
  ],
  "kvinesdal": [
    58.5181308,
    6.953961
  ],
  "meråker": [
    63.3969215,
    11.8124874
  ],
  "eidsvoll": [
    60.4162965,
    11.2555442
  ],
  "jevnaker": [
    60.2825545,
    10.4084579
  ],
  "nordkapp": [
    71.1699506,
    25.7858893
  ],
  "tana": [
    70.2823342,
    27.8913272
  ],
  "flekkefjord": [
    58.2949357,
    6.6129626
  ],
  "nord-fron": [
    61.6018868,
    9.5898452
  ],
  "rendalen": [
    61.8065682,
    11.2021599
  ],
  "sel": [
    61.76031,
    9.4089486
  ],
  "tynset": [
    62.3601071,
    10.5322494
  ],
  "vågå": [
    61.7019796,
    8.9945507
  ],
  "aure": "not_found",
  "aure, møre og romsdal": [
    63.280205,
    8.5111891
  ],
  "fjord": [
    62.2756315,
    7.3597712
  ],
  "giske": [
    62.6402685,
    5.7211065
  ],
  "gjemnes": [
    62.9189065,
    7.8692606
  ],
  "rauma": [
    61.1289148,
    21.5039401
  ],
  "surnadal": [
    62.9228432,
    8.7879306
  ],
  "dønna": [
    66.1662544,
    12.4573928
  ],
  "evenes": [
    68.4968608,
    16.9069678
  ],